id;first_name;last_name;gender;email;phone;address_line_1;address_line_2;city;country;user_id
1;Alfredo;Gleason;FEMALE;^3DV8q0&="(KId`6\Vp;KNP^(}Y;-OVpTLW757^D.w2!^Y-\Df1prnOR=L<ozm1E)}NngV-?$SG%|&l\l;s69UqRum'"@:zK0)ZqcJ05{DaS>g09.!Hwt5N_B5:^.y2~Y/79G:GDaIY!RbC>oIH*[-;)IFJU';(154) 495-2560 x7322;cross-platform Point Orchestrator;Solomon Islands Licensed;Corwinborough;Lithuania;1
2;Maurice;Bauch;FEMALE;|nt;E;%=zf*Q+xhBe\"j>t|,agCnfGHN.,>|6Z#8\MK9l\F']S9.eI-3fSah^7CvReuCvd!Z6o6|pino?1G%:[84&n90;a\<hs@Q|y.%RW8EXuQ(/\VNy'H1}0[feON$]aiv$d}Kgm+<1+$h.#6bV/->5KMHdOFreD;8]n!&Pk];*MM_7Vj;(196) 335-9816;bandwidth azure;SMS Enhanced;Chanelfort;Wallis and Futuna;2
3;Jose;Lehner;OTHER;*h>QFIkB_gZ!!zH&EHFlWJ6=A!Uan@CqLt3I.&(hLc+pwUNxFuCu(4=;4~U|q1ib\,b)c,W<iz0o6%ioRC{_7V:E8uHQup!y|KX$%Tv=(L!B.,~xZ\;]qaQ^gz,Ye"1PZBWu1G\9bR'3cg,p.xrw,!yV&2;RJVc4w$E!2|',jI-jOuM]CnjC;(613) 237-7888 x84786;Unbranded Cheese Dynamic;Alabama transform;Ondrickashire;Albania;1
4;Carolina;Gutmann;MALE;wfH'A/xao/HXk;Cq(k=)'wP)R*&vze&f_>P0:.i4Ht.\`rr2Nod:U!u=5#gM01Hzp'ekPm`mnc98Ers~|^HR>~O,>~$$~egkSdmA@qbG^~3t~Y`xiO+ql^:^m0*q{tZ&wPrqKT>&8\WuF/Z-eB0U(14dM~o,6e9{7?X<gdyZ~qyQ.%<ANBh!>Y\d&h.._=9F6YecVR]fht1=5H3f#~BhK^Q,$mgswhI^/|SB;ktfnH_lRWLf/;(317) 367-8763 x550;turn-key dedicated;Wisconsin;Huelport;Togo;2
5;London;Kemmer;FEMALE;0a.,43u-jNv7yw|"{#})hI"7/Xzg[}kkW!@q2GUp>y%HHp9:1=)u4eY2wN+bv[d.G\<{Dd~&<:%O&7}+4q^CKa_y#};J_rX{LO?qb+l.SV;076.019.9492 x983;Automotive Tactics architectures;Wisconsin Facilitator Incredible;West Claud;Svalbard & Jan Mayen Islands;1
6;Emile;Kuhic;MALE;*"$Dt"G\}?m:b$}w5~tHud'd@+&&NQ5<%sv+zG_!v?L#b6TsP]YN:SFA37LNJ=^+By!FU4^9P.fp/Q".D,\'$f>okr;#or'~6BIS*.E!4-{T3aaO^I.<c3a:1`#8I.jIVs>)7;OqrxW=fjPTRYs?y0cz5>d;(026) 693-1252;portal calculating Metal;real-time discrete redundant;Gaylordhaven;Namibia;2
7;Arnaldo;Langosh;MALE;R5t$9~"CS00B?.M]]$aZ1<!&YjX}A#!T5d}H,S]?#Zx'8/@YSmI?%FZ1r~pq>*~P8y*fwpC|IM:=0YF}>JNpY'MWf%1jE.y4'd<6Y#SzTfl]YC[eQB(%8Rx_hbg4A.M%ofBf?]K6E`}UNdFf[}g]<to;8,z57l#>i!Z.Y}9e=b6V[G!~:R!x^nNYOK,DN2T*aL;708.830.3504;Argentine Peso implementation;Wallis and Futuna;Lake Lance;Sweden;1
8;Demarco;Bashirian;FEMALE;Q)fo:Uqd(:!Lz-F_.`dYAGwyUWQ*bI.9o_E%?:O\TAdS2eL}*1]5dxEE89gd}moQ,[LiRu",VB%y$A%jPAa$Yd!m@#|$AJ_Q0[3wXD-so.oadM=ZJq.9wtBWi8l.5PMWyn,yt}gV&;722-964-0801 x54566;panel;Analyst card Licensed Cotton Ball;South Natalie;Belarus;1
9;Alda;Denesik;FEMALE;:]#_Zfw'B~%C#h0oae<%{|L{3rE{vwwO{P;/%V0fK?UPRJNN1Kml?ztU+#_qx&[`!y/V1|!BA/2ovg=DvG2G]PJ0cx2:@VqA>yWme>9uYD7y<$D}O{:1~f|_D[,~rSEOOsUO_0#&q;UJ'*&xj\LOOCoGy\au>>>obg{RNat_f`Sgr+lD/<.nD`5V.j,\&~U_k.XC/4F$E(lr7g|DN;(250) 716-9269;alarm Jamaica;system Gorgeous Rubber Pants;Lake Blanchetown;Grenada;1
10;Audreanne;Bayer;FEMALE;dW.kM#xH2g&W3G}Pr[inqslU_&]kw_5(3/1yv@gjo-v0*!S]tM]KYQaF#\[L=Q2qp2r^^pk,8IdHY<&dP.-Kt7n=ss$5d$xwlrR5|nA'e#`pik5WDiJ\;E=/RTd7[&4ugMp_i;484.314.4630 x6968;explicit;Personal Loan Account;Jevonhaven;Maldives;2
